train_loss,val_loss
0.1361389006931512,0.01974398724269122
0.014355037734651613,0.019557302934117615
0.01386944908973953,0.019670437504828442
0.013481883757141612,0.019683515674842056
0.013195388874645152,0.01968326022324618
